token	lemma	pos	msd	msd_morph	msd_mode	msd_temps	msd_pers	msd_nomb	msd_genre	msd_cas	norm	ner	
A	avoir	VERcjg	MODE=ind|TEMPS=pst|PERS.=3|NOMB.=s		MODE=ind|		PERS.=3	NOMB.=s			À	O	
MONSEIGNEVR	monsiegnevr	NOMpro	NOMB.=s					NOMB.=s			MONSEIGNEUR	B-pers	
LE	le	PROper	NOMB.=s|GENRE=f					NOMB.=s	GENRE=f		LE	O	
DVC	dVc	NOMpro	GENRE=f						GENRE=f		DUC	O	
D’	de	PRE	MORPH=empty	MORPH=empty									
ESPERNON	espernon	NOMpro	GENRE=m						GENRE=m		ÉPERNON	B-pers	
.	.	PONfrt	MORPH=empty	MORPH=empty							.	O	
Lettre	lettre	NOMcom	NOMB.=s|GENRE=f					NOMB.=s	GENRE=f		Lettre	O	
I	I	PONfrt	NOMB.=s|GENRE=m					NOMB.=s	GENRE=m		I	O	
.	.	PONfrt	MORPH=empty	MORPH=empty							.	O	
Monseignevr	monseignevr	VERinf	NOMB.=s					NOMB.=s			Monseigneur	B-pers	
,	,	PONfbl	MORPH=empty	MORPH=empty							,	O	
Quand	quand	CONsub	MORPH=empty	MORPH=empty							Quand	O	
ie	je	PROper	NOMB.=s					NOMB.=s			je	O	
ne	ne	ADVneg	MORPH=empty	MORPH=empty							ne	O	
ſerois	être	VERcjg	MODE=con|PERS.=2|NOMB.=s		MODE=con|		PERS.=2	NOMB.=s			serais	O	
pas	pas	ADVneg	MORPH=empty	MORPH=empty							pas	O	
nay	nay	VERppe	MORPH=empty	MORPH=empty							né	O	
cõme	chme	CONsub	NOMB.=s|GENRE=f					NOMB.=s	GENRE=f		comme	O	
ie	je	PROper	NOMB.=s|GENRE=f					NOMB.=s	GENRE=f		je	O	
ſuis	être	VERcjg	MODE=ind|TEMPS=pst|PERS.=1|NOMB.=s		MODE=ind|		PERS.=1	NOMB.=s			suis	O	
,	,	PONfbl	MORPH=empty	MORPH=empty							,	O	
voſtre	vôtre	VERinf	NOMB.=s					NOMB.=s			votre	O	
tres	tres	ADVgen	NOMB.=s					NOMB.=s			très	O	
-	-	PONfbl	GENRE=m						GENRE=m				
humble	humble	ADJqua	NOMB.=s|GENRE=f					NOMB.=s	GENRE=f		humble	O	
ſeruiteur	seruiteur	NOMcom	NOMB.=s					NOMB.=s			serviteur	O	
,	,	PONfbl	MORPH=empty	MORPH=empty							,	O	
il	il	PROper	PERS.=3|NOMB.=s|GENRE=m|CAS=n				PERS.=3	NOMB.=s	GENRE=m	CAS=n	il	O	
faudroit	falloir	VERcjg	MODE=con|PERS.=3|NOMB.=s		MODE=con|		PERS.=3	NOMB.=s			faudrait	O	
que	que	CONsub	MORPH=empty	MORPH=empty							que	O	
ie	je	ADVgen	NOMB.=s|GENRE=f					NOMB.=s	GENRE=f		je	O	
fuſſe	être	ADJqua	NOMB.=s|GENRE=f					NOMB.=s	GENRE=f		fusse	O	
mauuais	mauuer	NOMcom	NOMB.=p					NOMB.=p			mauvais	O	
François	François	VERppe	NOMB.=s					NOMB.=s			Français	O	
pour	pour	PRE	MORPH=empty	MORPH=empty							pour	O	
ne	ne	ADVneg	MORPH=empty	MORPH=empty							ne	O	
me	je	PROper	PERS.=1|NOMB.=s|CAS=r				PERS.=1	NOMB.=s		CAS=r	me	O	
reſioüir	resiouir	VERinf	MORPH=empty	MORPH=empty							réjouir	O	
pas	pas	ADVneg	MORPH=empty	MORPH=empty							pas	O	
des	un	DETndf	NOMB.=p					NOMB.=p			des	O	
contẽtemens	contatemens	NOMcom	NOMB.=p|GENRE=m					NOMB.=p	GENRE=m		contantements	O	
de	de	PRE	MORPH=empty	MORPH=empty							de	I-time	
voſtre	vôtre	NOMcom	NOMB.=s					NOMB.=s			votre	O	
contẽtemens	contatement	ADJqua	NOMB.=p					NOMB.=p			contantements	O	
de	de	PRE	MORPH=empty	MORPH=empty							de	I-time	
voſtre	vôtre	NOMcom	NOMB.=s					NOMB.=s			votre	O	
mai	mai	VERppe	NOMB.=s					NOMB.=s			mai	O	
,	,	PONfbl	MORPH=empty	MORPH=empty							,	O	
ſon	son	DETpos	PERS.=3|NOMB.=s|GENRE=m				PERS.=3	NOMB.=s	GENRE=m		son	O	
puis	puis	VERcjg	MODE=ind|TEMPS=pst|PERS.=1|NOMB.=s		MODE=ind|		PERS.=1	NOMB.=s			puis	O	
que	que	CONsub	MORPH=empty	MORPH=empty							que	O	
ce	ce	PROdem	NOMB.=s|GENRE=n					NOMB.=s	GENRE=n		ce	O	
ſont	être	VERcjg	MODE=ind|TEMPS=pst|PERS.=3|NOMB.=p		MODE=ind|		PERS.=3	NOMB.=p			sont	O	
des	un	DETndf	NOMB.=p					NOMB.=p			des	O	
felicités	felicité	NOMcom	NOMB.=p|GENRE=f					NOMB.=p	GENRE=f		félicités	O	
publiques	public	ADJqua	NOMB.=p|GENRE=f					NOMB.=p	GENRE=f		publiques	O	
.	.	PONfrt	MORPH=empty	MORPH=empty							.	O	
Nous	nous	PROper	PERS.=1|NOMB.=p				PERS.=1	NOMB.=p			Nous	O	
auõs	auls	VERcjg	PERS.=2|NOMB.=p				PERS.=2	NOMB.=p			avons	O	
ſçeu	sceuvoir	VERppe	NOMB.=s					NOMB.=s			su	O	
l’	le	DETdef	NOMB.=s					NOMB.=s					
heureux	heureux	ADJqua	NOMB.=s|GENRE=m					NOMB.=s	GENRE=m		heureux	O	
ſuccés	succer	VERppe	NOMB.=s|GENRE=m					NOMB.=s	GENRE=m		succès	O	
du	de_le	PRE.DETdef	NOMB.=s|GENRE=m					NOMB.=s	GENRE=m		du	O	
voyage	voyage	NOMcom	NOMB.=s|GENRE=m					NOMB.=s	GENRE=m		voyage	O	
que	que	PROrel	MORPH=empty	MORPH=empty							que	O	
vous	vous	PROper	PERS.=2|NOMB.=p				PERS.=2	NOMB.=p			vous	O	
auez	auez	VERcjg	MODE=ind|TEMPS=pst|PERS.=2|NOMB.=p		MODE=ind|		PERS.=2	NOMB.=p			avez	O	
fait	faire	VERppe	NOMB.=s|GENRE=m					NOMB.=s	GENRE=m		fait	O	
en	en	PRE	MORPH=empty	MORPH=empty							en	O	
Bearn	Bearn	NOMpro	NOMB.=s					NOMB.=s			Béarn	B-loc	http://www.wikidata.org/entity/Q213763
,	,	PONfbl	MORPH=empty	MORPH=empty							,	O	
&	je	PRE	MORPH=empty	MORPH=empty							et	O	
les	le	DETdef	NOMB.=p|GENRE=m					NOMB.=p	GENRE=m		les	O	
grands	grand	ADJqua	NOMB.=p|GENRE=m					NOMB.=p	GENRE=m		grands	O	
commencemens	commencement	NOMcom	NOMB.=p					NOMB.=p			commencements	O	
que	que	PROrel	MORPH=empty	MORPH=empty							que	O	
vous	vous	PROper	PERS.=2|NOMB.=p				PERS.=2	NOMB.=p			vous	O	
auez	auez	VERcjg	MODE=ind|TEMPS=pst|PERS.=2|NOMB.=p		MODE=ind|		PERS.=2	NOMB.=p			avez	O	
donnez	donner	VERcjg	MODE=ind|PERS.=2|NOMB.=p		MODE=ind|		PERS.=2	NOMB.=p			donnez	O	
à	à	PRE	MORPH=empty	MORPH=empty							à	O	
tout	tout	DETind	NOMB.=s|GENRE=m					NOMB.=s	GENRE=m		tout	O	
ce	ce	PROdem	NOMB.=s|GENRE=n					NOMB.=s	GENRE=n		ce	O	
que	que	PROrel	MORPH=empty	MORPH=empty							que	O	
le	le	DETdef	NOMB.=s|GENRE=m					NOMB.=s	GENRE=m		le	O	
Roy	Roy	NOMpro	NOMB.=s|GENRE=m					NOMB.=s	GENRE=m		Roi	B-func	
voudra	vouloir	VERcjg	MODE=ind|TEMPS=fut|PERS.=3|NOMB.=s		MODE=ind|		PERS.=3	NOMB.=s			voudra	O	
entreprendre	entreprendre	VERinf	MORPH=empty	MORPH=empty							entreprendre	O	
:	:	PONfbl	MORPH=empty	MORPH=empty							:	O	
Et	et	CONcoo	MORPH=empty	MORPH=empty							Et	O	
certes	certes	ADVgen	MORPH=empty	MORPH=empty							certes	O	
le	le	DETdef	NOMB.=s|GENRE=m					NOMB.=s	GENRE=m		le	O	
choix	choix	NOMcom	NOMB.=s|GENRE=m					NOMB.=s	GENRE=m		choix	O	
qu’	que	PROrel	MORPH=empty	MORPH=empty									
il	il	PROper	PERS.=3|NOMB.=s|GENRE=m|CAS=n				PERS.=3	NOMB.=s	GENRE=m	CAS=n	il	O	
a	avoir	VERcjg	MODE=ind|TEMPS=pst|PERS.=3|NOMB.=s		MODE=ind|		PERS.=3	NOMB.=s			a	O	
fait	faire	VERppe	NOMB.=s|GENRE=m					NOMB.=s	GENRE=m		fait	O	
de	de	PRE	MORPH=empty	MORPH=empty							de	I-time	
vous	vous	PROper	PERS.=2|NOMB.=p				PERS.=2	NOMB.=p			vous	O	
pour	pour	PRE	MORPH=empty	MORPH=empty							pour	O	
le	il	PROper	NOMB.=s|GENRE=m					NOMB.=s	GENRE=m		le	O	
ſeruir	seruir	VERinf	NOMB.=s|GENRE=m					NOMB.=s	GENRE=m		servir	O	
en	en	PRE	MORPH=empty	MORPH=empty							en	O	
vne	vne	DETind	NOMB.=s|GENRE=f					NOMB.=s	GENRE=f		une	O	
occaſion	occasion	NOMcom	NOMB.=s|GENRE=f					NOMB.=s	GENRE=f		occasion	O	
de	de	PRE	MORPH=empty	MORPH=empty							de	I-time	
telle	tel	DETind	NOMB.=s|GENRE=f					NOMB.=s	GENRE=f		telle	O	
importance	importance	NOMcom	NOMB.=s|GENRE=f					NOMB.=s	GENRE=f		importance	O	
a	avoir	VERcjg	MODE=ind|TEMPS=pst|PERS.=3|NOMB.=s		MODE=ind|		PERS.=3	NOMB.=s			a	O	
eſté	esté	VERppe	NOMB.=s|GENRE=m					NOMB.=s	GENRE=m		été	O	
ſi	si	ADVgen	MORPH=empty	MORPH=empty							si	O	
generalement	generalement	ADVgen	NOMB.=p|GENRE=m					NOMB.=p	GENRE=m		généralement	O	
approuué	approuuer	VERppe	NOMB.=s|GENRE=m					NOMB.=s	GENRE=m		approuvé	O	
,	,	PONfbl	MORPH=empty	MORPH=empty							,	O	
que	que	CONsub	MORPH=empty	MORPH=empty							que	O	
ſi	si	CONsub	MORPH=empty	MORPH=empty							si	O	
on	on	PROind	PERS.=3|NOMB.=s|CAS=n				PERS.=3	NOMB.=s		CAS=n	on	O	
remarquoit	remarquer	VERcjg	MODE=con|PERS.=3|NOMB.=s		MODE=con|		PERS.=3	NOMB.=s			remarquait	O	
auparauant	auparauer	VERppa	MORPH=empty	MORPH=empty							auparavant	O	
quelques	quelque	DETrel	NOMB.=p|GENRE=m					NOMB.=p	GENRE=m		quelques	O	
deffaux	deffail	NOMcom	NOMB.=s|GENRE=f					NOMB.=s	GENRE=f		défauts	O	
en	en	PRE	MORPH=empty	MORPH=empty							en	O	
la	le	DETdef	NOMB.=s|GENRE=f					NOMB.=s	GENRE=f		la	O	
conduite	conduite	NOMcom	NOMB.=s|GENRE=f					NOMB.=s	GENRE=f		conduite	O	
de	de	PRE	MORPH=empty	MORPH=empty							de	I-time	
nos	notre	DETpos	PERS.=1|NOMB.=p|GENRE=f				PERS.=1	NOMB.=p	GENRE=f		nos	O	
affaires	affaire	NOMcom	NOMB.=p|GENRE=f					NOMB.=p	GENRE=f		affaires	O	
,	,	PONfbl	MORPH=empty	MORPH=empty							,	O	
il	il	PROimp	PERS.=3|NOMB.=s|GENRE=m|CAS=n				PERS.=3	NOMB.=s	GENRE=m	CAS=n	il	O	
faut	falloir	VERcjg	MODE=ind|TEMPS=pst|PERS.=3|NOMB.=s		MODE=ind|		PERS.=3	NOMB.=s			faut	O	
auoüer	auoüer	VERinf	MORPH=empty	MORPH=empty							avouer	O	
que	que	CONsub	MORPH=empty	MORPH=empty							que	O	
cette	ce	DETdem	NOMB.=s|GENRE=f					NOMB.=s	GENRE=f		cette	O	
derniere	dernier	ADJord	NOMB.=s|GENRE=f					NOMB.=s	GENRE=f		dernière	O	
action	action	NOMcom	NOMB.=s|GENRE=f					NOMB.=s	GENRE=f		action	O	
a	avoir	VERcjg	MODE=ind|TEMPS=pst|PERS.=3|NOMB.=s		MODE=ind|		PERS.=3	NOMB.=s			a	O	
iuſtifié	iustifier	VERppe	NOMB.=s|GENRE=m					NOMB.=s	GENRE=m		justifié	O	
toutes	tout	DETind	NOMB.=p|GENRE=f					NOMB.=p	GENRE=f		toutes	O	
les	le	DETdef	NOMB.=p|GENRE=m					NOMB.=p	GENRE=m		les	O	
autres	autre	PROind	NOMB.=p					NOMB.=p			autres	O	
,	,	PONfbl	MORPH=empty	MORPH=empty							,	O	
&	s	PROdem	MORPH=empty	MORPH=empty							et	O	
qu’	que	PROrel	MORPH=empty	MORPH=empty									
on	on	PROind	PERS.=3|NOMB.=s|CAS=n				PERS.=3	NOMB.=s		CAS=n	on	O	
voit	voir	VERcjg	MODE=ind|TEMPS=pst|PERS.=3|NOMB.=s		MODE=ind|		PERS.=3	NOMB.=s			voit	O	
bien	bien	ADVgen	MORPH=empty	MORPH=empty							bien	O	
que	que	CONsub	MORPH=empty	MORPH=empty							que	O	
ce	ce	PROdem	NOMB.=s|GENRE=n					NOMB.=s	GENRE=n		ce	O	
n’	ne	ADVneg	MORPH=empty	MORPH=empty									
eſt	être	VERcjg	MODE=ind|TEMPS=pst|PERS.=3|NOMB.=s		MODE=ind|		PERS.=3	NOMB.=s			est	O	
pas	pas	ADVneg	MORPH=empty	MORPH=empty							pas	O	
la	le	DETdef	NOMB.=s|GENRE=f					NOMB.=s	GENRE=f		la	O	
ſeule	seul	ADJqua	NOMB.=s|GENRE=f					NOMB.=s	GENRE=f		seule	O	
faueur	faueur	NOMcom	NOMB.=s					NOMB.=s			faveur	O	
qui	qui	PROrel	MORPH=empty	MORPH=empty							qui	O	
met	mettre	VERcjg	MODE=ind|TEMPS=pst|PERS.=3|NOMB.=s		MODE=ind|		PERS.=3	NOMB.=s			met	O	
de	de	PRE	MORPH=empty	MORPH=empty							de	I-time	
la	le	DETdef	NOMB.=s|GENRE=f					NOMB.=s	GENRE=f		la	O	
difference	difference	NOMcom	NOMB.=s|GENRE=f					NOMB.=s	GENRE=f		différence	O	
entre	entre	PRE	MORPH=empty	MORPH=empty							entre	O	
les	le	DETdef	NOMB.=p|GENRE=m					NOMB.=p	GENRE=m		les	O	
hõmes	hhme	NOMcom	NOMB.=p|GENRE=f					NOMB.=p	GENRE=f		hommes	O	
.	.	PONfrt	MORPH=empty	MORPH=empty							.	O	
Ie	Ie	PROper	NOMB.=s|GENRE=m					NOMB.=s	GENRE=m		je	O	
ne	ne	ADVneg	MORPH=empty	MORPH=empty							ne	O	
doute	douter	VERcjg	MODE=ind|PERS.=3|NOMB.=s|GENRE=m		MODE=ind|		PERS.=3	NOMB.=s	GENRE=m		doute	O	
point	point	ADVneg	MORPH=empty	MORPH=empty							point	O	
que	que	CONsub	MORPH=empty	MORPH=empty							que	O	
le	le	DETdef	NOMB.=s|GENRE=m					NOMB.=s	GENRE=m		le	O	
bon	bon	ADJqua	NOMB.=s|GENRE=m					NOMB.=s	GENRE=m		bon	O	
droit	droit	NOMcom	NOMB.=s|GENRE=m					NOMB.=s	GENRE=m		droit	O	
&	je	PONfbl	MORPH=empty	MORPH=empty							et	O	
la	le	DETdef	NOMB.=s|GENRE=f					NOMB.=s	GENRE=f		la	O	
puiſſance	puissance	NOMcom	NOMB.=s|GENRE=f					NOMB.=s	GENRE=f		puissance	O	
ſe	se	PROper	PERS.=3|NOMB.=s|CAS=r				PERS.=3	NOMB.=s		CAS=r	se	O	
rencontrant	rencontrer	VERppa	MODE=con|PERS.=3		MODE=con|		PERS.=3				rencontrant	O	
du	de_le	PRE.DETdef	NOMB.=s|GENRE=m					NOMB.=s	GENRE=m		du	O	
meſme	même	NOMcom	NOMB.=s|GENRE=m					NOMB.=s	GENRE=m		même	O	
coſté	coster	VERppe	NOMB.=s|GENRE=m					NOMB.=s	GENRE=m		côté	O	
,	,	PONfbl	MORPH=empty	MORPH=empty							,	O	
l’	le	DETdef	NOMB.=s					NOMB.=s					
euenement	euenement	NOMcom	NOMB.=s					NOMB.=s			événement	O	
des	de_le	PRE.DETdef	NOMB.=p					NOMB.=p			des	O	
choſes	chose	NOMcom	NOMB.=p|GENRE=f					NOMB.=p	GENRE=f		choses	O	
ne	ne	ADVneg	MORPH=empty	MORPH=empty							ne	O	
soit	être	VERcjg	MODE=sub|TEMPS=pst|PERS.=3|NOMB.=s		MODE=sub|		PERS.=3	NOMB.=s			soit	O	
celuy	celuy	ADJqua	NOMB.=s|GENRE=n					NOMB.=s	GENRE=n		celui	O	
que	que	CONsub	MORPH=empty	MORPH=empty							que	O	
nous	nous	PROper	PERS.=1|NOMB.=p				PERS.=1	NOMB.=p			nous	O	
deſirons	désirer	VERcjg	MODE=sub|TEMPS=pst|NOMB.=p		MODE=sub|			NOMB.=p			désirons	O	
;	;	PONfbl	MORPH=empty	MORPH=empty							;	O	
mais	mais	CONcoo	MORPH=empty	MORPH=empty							mais	O	
quoy	quoy	CONsub	MORPH=empty	MORPH=empty							quoi▁	O	
qu’	que	PROrel	MORPH=empty	MORPH=empty									
il	il	PROper	PERS.=3|NOMB.=s|GENRE=m|CAS=n				PERS.=3	NOMB.=s	GENRE=m	CAS=n	il	O	
arriue	arriuer	VERcjg	MODE=ind|TEMPS=pst|PERS.=3|NOMB.=s		MODE=ind|		PERS.=3	NOMB.=s			arrive	O	
,	,	PONfbl	MORPH=empty	MORPH=empty							,	O	
vous	vous	PROper	PERS.=2|NOMB.=p				PERS.=2	NOMB.=p			vous	O	
auez	auez	VERcjg	MODE=ind|PERS.=2|NOMB.=p		MODE=ind|		PERS.=2	NOMB.=p			avez	O	
deſia	désier	VERcjg	MORPH=empty	MORPH=empty							déjà	O	
la	le	DETdef	NOMB.=s|GENRE=f					NOMB.=s	GENRE=f		la	O	
gloire	gloire	NOMcom	NOMB.=s|GENRE=f					NOMB.=s	GENRE=f		gloire	O	
d’	de	PRE	MORPH=empty	MORPH=empty									
auoir	auoir	NOMcom	NOMB.=s					NOMB.=s			avoir	O	
rendu	rendre	VERppe	NOMB.=s|GENRE=m					NOMB.=s	GENRE=m		rendu	O	
la	le	DETdef	NOMB.=s|GENRE=f					NOMB.=s	GENRE=f		la	O	
victoire	victoire	NOMcom	NOMB.=s|GENRE=f					NOMB.=s	GENRE=f		victoire	O	
ayſée	ayser	VERppe	NOMB.=s|GENRE=f					NOMB.=s	GENRE=f		aisée	O	
,	,	PONfbl	MORPH=empty	MORPH=empty							,	O	
&	avoir	DETndf	MORPH=empty	MORPH=empty							et	O	
fait	faire	VERcjg	MODE=ind|PERS.=3|NOMB.=s|GENRE=m		MODE=ind|		PERS.=3	NOMB.=s	GENRE=m		fait	O	
voir	voir	VERinf	MORPH=empty	MORPH=empty							voir	O	
que	que	CONsub	MORPH=empty	MORPH=empty							que	O	
les	le	DETdef	NOMB.=p|GENRE=m					NOMB.=p	GENRE=m		les	O	
ennemis	ennemi	NOMcom	NOMB.=p|GENRE=m					NOMB.=p	GENRE=m		ennemis	O	
de	de	PRE	MORPH=empty	MORPH=empty							de	I-time	
l'	le	DETdef	NOMB.=s					NOMB.=s			l'	O	
Eſtat	Estat	NOMcom	NOMB.=s|GENRE=m					NOMB.=s	GENRE=m		État	O	
n’	ne	ADVneg	MORPH=empty	MORPH=empty									
ont	avoir	VERcjg	MODE=ind|TEMPS=pst|PERS.=3|NOMB.=p		MODE=ind|		PERS.=3	NOMB.=p			ont	O	
pas	pas	ADVneg	MORPH=empty	MORPH=empty							pas	O	
eſté	ester	VERppe	NOMB.=s|GENRE=m					NOMB.=s	GENRE=m		été	O	
iuſques	iusque	ADVgen	NOMB.=p|GENRE=f					NOMB.=p	GENRE=f		Jusques	O	
icy	ici	ADVgen	NOMB.=s|GENRE=f					NOMB.=s	GENRE=f		ici	O	
ſi	si	ADVgen	MORPH=empty	MORPH=empty							si	O	
conſiderables	considerable	ADJqua	NOMB.=p|GENRE=f					NOMB.=p	GENRE=f		considérables	O	
par	par	PRE	MORPH=empty	MORPH=empty							par	O	
leurs	leur	DETpos	PERS.=3|NOMB.=p|GENRE=m				PERS.=3	NOMB.=p	GENRE=m		leurs	O	
propres	propre	ADJqua	NOMB.=p|GENRE=m					NOMB.=p	GENRE=m		propres	O	
forces	force	NOMcom	NOMB.=p|GENRE=f					NOMB.=p	GENRE=f		forces	O	
,	,	PONfbl	MORPH=empty	MORPH=empty							,	O	
que	que	CONsub	MORPH=empty	MORPH=empty							que	O	
par	par	PRE	MORPH=empty	MORPH=empty							par	O	
l’	le	DETdef	NOMB.=s					NOMB.=s					
opinion	opinion	NOMcom	NOMB.=s|GENRE=f					NOMB.=s	GENRE=f		opinion	O	
que	que	PROrel	MORPH=empty	MORPH=empty							que	O	
nous	nous	PROper	PERS.=1|NOMB.=p				PERS.=1	NOMB.=p			nous	O	
en	en	PROadv	MORPH=empty	MORPH=empty							en	O	
auions	auions	VERcjg	NOMB.=p					NOMB.=p			avions	O	
conceuë	conceuer	VERppe	MORPH=empty	MORPH=empty							conçue	O	
[	le	PONfbl	MORPH=empty	MORPH=empty							[	O	
.	.	PONfrt	MORPH=empty	MORPH=empty							.	O	
]	s	PONfrt	MORPH=empty	MORPH=empty									
Maintenãt	maintenir	ADJqua	MODE=imp|NOMB.=s		MODE=imp|			NOMB.=s			]	O	
Monſeigneur	Monseigneur	NOMcom	NOMB.=s|GENRE=m					NOMB.=s	GENRE=m		Monseigneur	B-pers	
,	,	PONfbl	MORPH=empty	MORPH=empty							,	O	
il	il	PROper	PERS.=3|NOMB.=s|GENRE=m|CAS=n				PERS.=3	NOMB.=s	GENRE=m	CAS=n	il	O	
eſt	être	VERcjg	MODE=ind|TEMPS=pst|PERS.=3|NOMB.=s		MODE=ind|		PERS.=3	NOMB.=s			est	O	
temps	temps	NOMcom	NOMB.=s|GENRE=m					NOMB.=s	GENRE=m		temps	O	
que	que	CONsub	MORPH=empty	MORPH=empty							que	O	
vous	vous	PROper	PERS.=2|NOMB.=p				PERS.=2	NOMB.=p			vous	O	
recognoiſſiez	recognoisser	VERcjg	MODE=ind|TEMPS=pst|PERS.=2|NOMB.=p		MODE=ind|		PERS.=2	NOMB.=p			reconnaissiez	O	
les	le	DETdef	NOMB.=p|GENRE=m					NOMB.=p	GENRE=m		les	O	
auantages	auantage	NOMcom	NOMB.=p|GENRE=m					NOMB.=p	GENRE=m		avantages	O	
que	que	CONsub	MORPH=empty	MORPH=empty							que	O	
Dieu	Dieu	NOMpro	NOMB.=s|GENRE=m					NOMB.=s	GENRE=m		Dieu	O	
vous	vous	PROper	PERS.=2|NOMB.=p				PERS.=2	NOMB.=p			vous	O	
a	avoir	VERcjg	MODE=ind|TEMPS=pst|PERS.=3|NOMB.=s		MODE=ind|		PERS.=3	NOMB.=s			a	O	
donnés	donner	VERppe	NOMB.=p|GENRE=m					NOMB.=p	GENRE=m		donnés	O	
par	par	PRE	MORPH=empty	MORPH=empty							par	O	
deſſus	dessus	PRE	MORPH=empty	MORPH=empty							dessus	O	
le	le	DETdef	NOMB.=s|GENRE=m					NOMB.=s	GENRE=m		le	O	
reſte	reste	NOMcom	NOMB.=s|GENRE=m					NOMB.=s	GENRE=m		reste	O	
des	de_le	PRE.DETdef	NOMB.=p					NOMB.=p			des	O	
hommes	homme	NOMcom	NOMB.=p|GENRE=m					NOMB.=p	GENRE=m		hommes	O	
;	;	PONfbl	MORPH=empty	MORPH=empty							;	O	
Au	à_le	PRE.DETdef	NOMB.=s|GENRE=m					NOMB.=s	GENRE=m		Au	O	
moins	moins	NOMcom	NOMB.=s|GENRE=m					NOMB.=s	GENRE=m		moins	O	
vous	vous	PROper	PERS.=2|NOMB.=p				PERS.=2	NOMB.=p			vous	O	
deuez	deuer	VERcjg	MODE=ind|PERS.=2|NOMB.=p		MODE=ind|		PERS.=2	NOMB.=p			devez	O	
vous	vous	PROper	PERS.=2|NOMB.=p				PERS.=2	NOMB.=p			vous	O	
ſouuenir	souuenir	VERinf	MORPH=empty	MORPH=empty							souvenir	O	
,	,	PONfbl	MORPH=empty	MORPH=empty							,	O	
qu’	que	CONsub	MORPH=empty	MORPH=empty									
eſtant	estant	VERppa	MORPH=empty	MORPH=empty							étant	O	
las	las	ADJqua	GENRE=m						GENRE=m		las	O	
des	de_le	PRE.DETdef	NOMB.=p					NOMB.=p			des	O	
choſes	chose	NOMcom	NOMB.=p|GENRE=f					NOMB.=p	GENRE=f		choses	O	
du	de_le	PRE.DETdef	NOMB.=s|GENRE=m					NOMB.=s	GENRE=m		du	O	
monde	monde	NOMcom	NOMB.=s|GENRE=m					NOMB.=s	GENRE=m		monde	O	
,	,	PONfbl	MORPH=empty	MORPH=empty							,	O	
&	s	DETndf	MORPH=empty	MORPH=empty							et	O	
eſloigné	esloigner	VERppe	NOMB.=s|GENRE=m					NOMB.=s	GENRE=m		éloigné	O	
de	de	PRE	MORPH=empty	MORPH=empty							de	I-time	
la	le	DETdef	NOMB.=s|GENRE=f					NOMB.=s	GENRE=f		la	O	
Cour	cour	NOMcom	NOMB.=s|GENRE=f					NOMB.=s	GENRE=f		Cour	O	
,	,	PONfbl	MORPH=empty	MORPH=empty							,	O	
la	le	DETdef	NOMB.=s|GENRE=f					NOMB.=s	GENRE=f		la	O	
neceſſité	necessité	NOMcom	NOMB.=s|GENRE=f					NOMB.=s	GENRE=f		nécessité	O	
publique	public	ADJqua	NOMB.=s|GENRE=f					NOMB.=s	GENRE=f		publique	O	
ne	ne	ADVneg	MORPH=empty	MORPH=empty							ne	O	
vous	vous	PROper	PERS.=2|NOMB.=p				PERS.=2	NOMB.=p			vous	O	
eût	avoir	VERcjg	MODE=sub|TEMPS=ipf|PERS.=3|NOMB.=s		MODE=sub|		PERS.=3	NOMB.=s			eût	O	
pas	pas	ADVneg	MORPH=empty	MORPH=empty							pas	O	
eſté	ester	VERppe	NOMB.=s|GENRE=m					NOMB.=s	GENRE=m		été	O	
chercher	chercher	VERinf	MORPH=empty	MORPH=empty							chercher	O	
dans	dans	PRE	MORPH=empty	MORPH=empty							dans	O	
le	le	DETdef	NOMB.=s|GENRE=m					NOMB.=s	GENRE=m		le	O	
repos	repos	NOMcom	NOMB.=s|GENRE=m					NOMB.=s	GENRE=m		repos	O	
de	de	PRE	MORPH=empty	MORPH=empty							de	I-time	
voſtre	vôtre	ADJqua	NOMB.=s|GENRE=f					NOMB.=s	GENRE=f		votre	O	
maiſon	maison	NOMcom	NOMB.=s|GENRE=f					NOMB.=s	GENRE=f		maison	O	
pour	pour	PRE	MORPH=empty	MORPH=empty							pour	O	
vous	vous	PROper	PERS.=2|NOMB.=p				PERS.=2	NOMB.=p			vous	O	
mettre	mettre	VERinf	MORPH=empty	MORPH=empty							mettre	O	
entre	entre	PRE	MORPH=empty	MORPH=empty							entre	O	
les	le	DETdef	NOMB.=p|GENRE=m					NOMB.=p	GENRE=m		les	O	
mains	main	NOMcom	NOMB.=p|GENRE=f					NOMB.=p	GENRE=f		mains	O	
les	le	DETdef	NOMB.=p|GENRE=m					NOMB.=p	GENRE=m		les	O	
armes	arme	NOMcom	NOMB.=p|GENRE=f					NOMB.=p	GENRE=f		armes	O	
du	de_le	PRE.DETdef	NOMB.=s|GENRE=m					NOMB.=s	GENRE=m		du	O	
Roy	Roy	NOMpro	NOMB.=s|GENRE=m					NOMB.=s	GENRE=m		Roi	B-func	
ſi	si	CONsub	MORPH=empty	MORPH=empty							si	O	
vous	vous	PROper	PERS.=2|NOMB.=p				PERS.=2	NOMB.=p			vous	O	
n’	ne	ADVneg	MORPH=empty	MORPH=empty									
eſtiez	ester	VERcjg	PERS.=2|NOMB.=p				PERS.=2	NOMB.=p			étiez	O	
celuy	celuy	VERppe	NOMB.=s					NOMB.=s			celui	O	
-	-	PONfbl	MORPH=empty	MORPH=empty									
là	là	ADVgen	MORPH=empty	MORPH=empty							là	O	
dont	dont	PROrel	MORPH=empty	MORPH=empty							dont	O	
tout	tout	DETind	NOMB.=s|GENRE=m					NOMB.=s	GENRE=m		tout	O	
le	le	DETdef	NOMB.=s|GENRE=m					NOMB.=s	GENRE=m		le	O	
monde	monde	NOMcom	NOMB.=s|GENRE=m					NOMB.=s	GENRE=m		monde	O	
attẽd	attedre	VERcjg	NOMB.=s					NOMB.=s			attend	O	
le	le	DETdef	NOMB.=s|GENRE=m					NOMB.=s	GENRE=m		le	O	
reſtabliſſement	restablissement	NOMcom	NOMB.=s|GENRE=m					NOMB.=s	GENRE=m		rétablissement	O	
de	de	PRE	MORPH=empty	MORPH=empty							de	I-time	
ſes	son	DETpos	PERS.=3|NOMB.=p|GENRE=f				PERS.=3	NOMB.=p	GENRE=f		ses	O	
affaires	affaire	NOMcom	NOMB.=p|GENRE=f					NOMB.=p	GENRE=f		affaires	O	
.	.	PONfrt	MORPH=empty	MORPH=empty							.	O	
Ie	Ie	PROper	NOMB.=s|GENRE=m					NOMB.=s	GENRE=m		je	O	
ne	ne	ADVneg	MORPH=empty	MORPH=empty							ne	O	
me	je	PROper	PERS.=1|NOMB.=s|CAS=r				PERS.=1	NOMB.=s		CAS=r	me	O	
fie	fier	VERcjg	MODE=sub|TEMPS=pst|PERS.=3|NOMB.=s		MODE=sub|		PERS.=3	NOMB.=s			fie	O	
pas	pas	ADVneg	MORPH=empty	MORPH=empty							pas	O	
tant	tant	ADVgen	MORPH=empty	MORPH=empty							tant	O	
en	en	PRE	MORPH=empty	MORPH=empty							en	O	
mon	mon	DETpos	PERS.=1|NOMB.=s|GENRE=m				PERS.=1	NOMB.=s	GENRE=m		mon	O	
opiniõ	opini	NOMcom	NOMB.=s|GENRE=m					NOMB.=s	GENRE=m		opinion	O	
,	,	PONfbl	MORPH=empty	MORPH=empty							,	O	
que	que	CONsub	MORPH=empty	MORPH=empty							que	O	
ie	je	PROper	NOMB.=s|GENRE=f					NOMB.=s	GENRE=f		je	O	
veuille	vouloir	VERcjg	MODE=sub|TEMPS=pst|PERS.=3|NOMB.=s		MODE=sub|		PERS.=3	NOMB.=s			veuille	O	
reſpondre	respondre	VERinf	MORPH=empty	MORPH=empty							répondre	O	
de	de	PRE	MORPH=empty	MORPH=empty							de	I-time	
l’	il	PROper	PERS.=3|NOMB.=s				PERS.=3	NOMB.=s					
auenir	auenir	VERinf	NOMB.=s					NOMB.=s			avenir	O	
:	:	PONfbl	MORPH=empty	MORPH=empty							:	O	
Toutesfois	toutesfois	NOMcom	NOMB.=s|GENRE=m					NOMB.=s	GENRE=m		Toutefois	O	
quand	quand	CONsub	MORPH=empty	MORPH=empty							quand	O	
ie	je	PROper	MORPH=empty	MORPH=empty							je	O	
conſidere	considérer	VERinf	NOMB.=s					NOMB.=s			considère	O	
les	le	DETdef	NOMB.=p|GENRE=m					NOMB.=p	GENRE=m		les	O	
actiõs	actit	NOMcom	NOMB.=p|GENRE=m					NOMB.=p	GENRE=m		actions	O	
de	de	PRE	MORPH=empty	MORPH=empty							de	I-time	
voſtre	vôtre	DETind	NOMB.=s|GENRE=f					NOMB.=s	GENRE=f		votre	O	
vie	vie	NOMcom	NOMB.=s|GENRE=f					NOMB.=s	GENRE=f		vie	O	
qui	qui	PROrel	MORPH=empty	MORPH=empty							qui	O	
ſont	être	VERcjg	MODE=ind|TEMPS=pst|PERS.=3|NOMB.=p		MODE=ind|		PERS.=3	NOMB.=p			sont	O	
telles	tel	ADJind	NOMB.=p|GENRE=f					NOMB.=p	GENRE=f		telles	O	
,	,	PONfbl	MORPH=empty	MORPH=empty							,	O	
que	que	CONsub	MORPH=empty	MORPH=empty							que	O	
nous	nous	PROper	PERS.=1|NOMB.=p				PERS.=1	NOMB.=p			nous	O	
auons	avoir	VERcjg	NOMB.=p					NOMB.=p			avons	O	
de	de	PRE	MORPH=empty	MORPH=empty							de	I-time	
la	le	DETdef	NOMB.=s|GENRE=f					NOMB.=s	GENRE=f		la	O	
peine	peine	NOMcom	NOMB.=s|GENRE=f					NOMB.=s	GENRE=f		peine	O	
à	à	PRE	MORPH=empty	MORPH=empty							à	O	
les	il	PROper	PERS.=3|NOMB.=p|GENRE=m|CAS=r				PERS.=3	NOMB.=p	GENRE=m	CAS=r	les	O	
croire	croire	VERinf	MORPH=empty	MORPH=empty							croire	O	
apres	apre	VERppe	NOMB.=p					NOMB.=p			après	O	
les	le	DETdef	NOMB.=p|GENRE=m					NOMB.=p	GENRE=m		les	O	
auoir	auoir	VERinf	NOMB.=s					NOMB.=s			avoir	O	
veuës	veuoir	VERppe	NOMB.=s					NOMB.=s			vues	O	
,	,	PONfbl	MORPH=empty	MORPH=empty							,	O	
&	s	PROcar	MORPH=empty	MORPH=empty							et	O	
en	en	PRE	MORPH=empty	MORPH=empty							en	O	
tel	tel	DETind	NOMB.=s|GENRE=m					NOMB.=s	GENRE=m		tel	O	
nombre	nombre	NOMcom	NOMB.=s|GENRE=m					NOMB.=s	GENRE=m		nombre	O	
,	,	PONfbl	MORPH=empty	MORPH=empty							,	O	
qu’	que	PROrel	MORPH=empty	MORPH=empty									
il	il	PROper	PERS.=3|NOMB.=s|GENRE=m|CAS=n				PERS.=3	NOMB.=s	GENRE=m	CAS=n	il	O	
ſemble	sembler	VERcjg	MODE=ind|TEMPS=pst|PERS.=3|NOMB.=s		MODE=ind|		PERS.=3	NOMB.=s			semble	O	
aux	à_le	PRE.DETdef	NOMB.=p|GENRE=m					NOMB.=p	GENRE=m		aux	O	
eſtrangers	estranger	NOMcom	NOMB.=p|GENRE=m					NOMB.=p	GENRE=m		étrangers	O	
que	que	PROrel	MORPH=empty	MORPH=empty							que	O	
vous	vous	PROper	PERS.=2|NOMB.=p				PERS.=2	NOMB.=p			vous	O	
viuiez	viurer	VERcjg	MODE=ind|TEMPS=pst|PERS.=2|NOMB.=p		MODE=ind|		PERS.=2	NOMB.=p			viviez	O	
dés	dé	VERppe	NOMB.=s|GENRE=m					NOMB.=s	GENRE=m		dès	O	
le	le	DETdef	NOMB.=s|GENRE=m					NOMB.=s	GENRE=m		le	O	
commencement	commencement	NOMcom	NOMB.=s|GENRE=m					NOMB.=s	GENRE=m		commencement	O	
de	de	PRE	MORPH=empty	MORPH=empty							de	I-time	
noſtre	nostre	NOMcom	NOMB.=s|GENRE=f					NOMB.=s	GENRE=f		notre	O	
Monarchie	Monarchie	NOMpro	NOMB.=s|GENRE=f					NOMB.=s	GENRE=f		Monarchie	O	
,	,	PONfbl	MORPH=empty	MORPH=empty							,	O	
ie	je	PROper	NOMB.=s|GENRE=f					NOMB.=s	GENRE=f		je	O	
penſe	penser	VERcjg	MODE=sub|PERS.=3|NOMB.=s		MODE=sub|		PERS.=3	NOMB.=s			pense	O	
pouuoir	pouuoir	VERinf	MORPH=empty	MORPH=empty							pouvoir	O	
dire	dire	VERinf	MORPH=empty	MORPH=empty							dire	O	
auec	auec	ADVgen	GENRE=f						GENRE=f		avec	O	
verité	veriter	VERppe	NOMB.=s|GENRE=m					NOMB.=s	GENRE=m		vérité	O	
,	,	PONfbl	MORPH=empty	MORPH=empty							,	O	
que	que	CONsub	MORPH=empty	MORPH=empty							que	O	
s’	si	CONsub	MORPH=empty	MORPH=empty									
il	il	PROper	PERS.=3|NOMB.=s|GENRE=m|CAS=n				PERS.=3	NOMB.=s	GENRE=m	CAS=n	il	O	
y	y	PROadv	MORPH=empty	MORPH=empty							y	O	
a	avoir	VERcjg	MODE=ind|TEMPS=pst|PERS.=3|NOMB.=s		MODE=ind|		PERS.=3	NOMB.=s			a	O	
encore	encore	ADVgen	MORPH=empty	MORPH=empty							encore	O	
quelque	quelque	DETrel	NOMB.=s|GENRE=m					NOMB.=s	GENRE=m		quelque	O	
choſe	chose	NOMcom	NOMB.=s|GENRE=f					NOMB.=s	GENRE=f		chose	O	
de	de	PRE	MORPH=empty	MORPH=empty							de	I-time	
grand	grand	ADJqua	NOMB.=s|GENRE=m					NOMB.=s	GENRE=m		grand	O	
à	à	PRE	MORPH=empty	MORPH=empty							à	O	
faire	faire	VERinf	MORPH=empty	MORPH=empty							faire	O	
dans	dans	PRE	MORPH=empty	MORPH=empty							dans	O	
le	le	DETdef	NOMB.=s|GENRE=m					NOMB.=s	GENRE=m		le	O	
monde	monde	NOMcom	NOMB.=s|GENRE=m					NOMB.=s	GENRE=m		monde	O	
,	,	PONfbl	MORPH=empty	MORPH=empty							,	O	
il	il	PROimp	PERS.=3|NOMB.=s|GENRE=m|CAS=n				PERS.=3	NOMB.=s	GENRE=m	CAS=n	il	O	
ne	ne	ADVneg	MORPH=empty	MORPH=empty							ne	O	
faut	falloir	VERcjg	MODE=ind|TEMPS=pst|PERS.=3|NOMB.=s		MODE=ind|		PERS.=3	NOMB.=s			faut	O	
pas	pas	ADVneg	MORPH=empty	MORPH=empty							pas	O	
que	que	CONsub	MORPH=empty	MORPH=empty							que	O	
ce	ce	PROdem	NOMB.=s|GENRE=n					NOMB.=s	GENRE=n		ce	O	
ſoit	être	VERcjg	MODE=sub|TEMPS=pst|PERS.=3|NOMB.=s		MODE=sub|		PERS.=3	NOMB.=s			soit	O	
vn	vn	PROadv	MORPH=empty	MORPH=empty							un	O	
autre	autre	PROind	NOMB.=s					NOMB.=s			autre	O	
que	que	CONsub	MORPH=empty	MORPH=empty							que	O	
vous	vous	PROper	PERS.=2|NOMB.=p				PERS.=2	NOMB.=p			vous	O	
qui	qui	PROrel	MORPH=empty	MORPH=empty							qui	O	
l’	il	PROper	PERS.=3|NOMB.=s|CAS=r				PERS.=3	NOMB.=s		CAS=r			
entreprene	entreprendre	VERcjg	NOMB.=s					NOMB.=s			entreprenne	O	
.	.	PONfrt	MORPH=empty	MORPH=empty							.	O	
Vous	vous	PROper	PERS.=2|NOMB.=p				PERS.=2	NOMB.=p			Vous	O	
auez	auez	VERcjg	MODE=ind|PERS.=2|NOMB.=p		MODE=ind|		PERS.=2	NOMB.=p			avez	O	
poſſedé	posseder	VERppe	NOMB.=s|GENRE=m					NOMB.=s	GENRE=m		possédé	O	
les	le	DETdef	NOMB.=p|GENRE=m					NOMB.=p	GENRE=m		les	O	
bonnes	bon	ADJqua	NOMB.=p|GENRE=f					NOMB.=p	GENRE=f		bonnes	O	
graces	grâce	NOMcom	NOMB.=p|GENRE=f					NOMB.=p	GENRE=f		grâces	O	
des	de_le	PRE.DETdef	NOMB.=p					NOMB.=p			des	O	
Roys	Roys	NOMcom	NOMB.=p|GENRE=f					NOMB.=p	GENRE=f		Rois	O	
comme	comme	CONsub	MORPH=empty	MORPH=empty							comme	O	
des	un	DETndf	NOMB.=p					NOMB.=p			des	O	
biens	bien	NOMcom	NOMB.=p|GENRE=m					NOMB.=p	GENRE=m		biens	O	
qui	qui	PROrel	MORPH=empty	MORPH=empty							qui	O	
ſe	se	PROper	PERS.=3|NOMB.=s|CAS=r				PERS.=3	NOMB.=s		CAS=r	se	O	
peuuent	peuuer	VERcjg	MODE=ind|PERS.=3|NOMB.=p		MODE=ind|		PERS.=3	NOMB.=p			peuvent	O	
perdre	perdre	VERinf	MORPH=empty	MORPH=empty							perdre	O	
,	,	PONfbl	MORPH=empty	MORPH=empty							,	O	
&	je	PONfbl	MORPH=empty	MORPH=empty							et	O	
n’	ne	ADVneg	MORPH=empty	MORPH=empty									
auez	avoir	VERcjg	MODE=ind|PERS.=2|NOMB.=p		MODE=ind|		PERS.=2	NOMB.=p			avez	O	
pas	pas	ADVneg	MORPH=empty	MORPH=empty							pas	O	
craint	craindre	VERcjg	MODE=ind|TEMPS=pst|PERS.=3|NOMB.=s		MODE=ind|		PERS.=3	NOMB.=s			craint	O	
que	que	CONsub	MORPH=empty	MORPH=empty							que	O	
leur	leur	DETpos	PERS.=3|NOMB.=s|GENRE=f				PERS.=3	NOMB.=s	GENRE=f		leur	O	
paſſiõ	passi	NOMcom	NOMB.=s|GENRE=m					NOMB.=s	GENRE=m		pasion	O	
deuſt	deust	VERcjg	NOMB.=p					NOMB.=p			dût	O	
plus	plus	ADVgen	MORPH=empty	MORPH=empty							plus	O	
durer	durer	VERinf	MORPH=empty	MORPH=empty							durer	O	
que	que	CONsub	MORPH=empty	MORPH=empty							que	O	
voſtre	vôtre	ADJqua	NOMB.=s|GENRE=f					NOMB.=s	GENRE=f		votre	O	
innocence	innocence	NOMcom	NOMB.=s|GENRE=f					NOMB.=s	GENRE=f		innocence	O	
;	;	PONfbl	MORPH=empty	MORPH=empty							;	O	
cette	ce	DETdem	NOMB.=s|GENRE=f					NOMB.=s	GENRE=f		cette	O	
grãde	grdde	NOMcom	NOMB.=s|GENRE=f					NOMB.=s	GENRE=f		grande	O	
authorité	authorité	VERppe	NOMB.=s|GENRE=m					NOMB.=s	GENRE=m		autorité	O	
que	que	CONsub	MORPH=empty	MORPH=empty							que	O	
vous	vous	PROper	PERS.=2|NOMB.=p				PERS.=2	NOMB.=p			vous	O	
auiez	auiez	VERcjg	MODE=ind|PERS.=2|NOMB.=p		MODE=ind|		PERS.=2	NOMB.=p			aviez	O	
acquiſe	acquérir	ADVsub	MORPH=empty	MORPH=empty							acquise	O	
par	par	PRE	MORPH=empty	MORPH=empty							par	O	
voſtre	vôtre	VERinf	NOMB.=s					NOMB.=s			votre	O	
faueur	faueur	VERinf	NOMB.=s					NOMB.=s			faveur	O	
,	,	PONfbl	MORPH=empty	MORPH=empty							,	O	
vous	vous	PROper	PERS.=2|NOMB.=p				PERS.=2	NOMB.=p			vous	O	
l’	il	PROper	PERS.=3|NOMB.=s|CAS=r				PERS.=3	NOMB.=s		CAS=r			
auez	auez	VERcjg	MODE=ind|TEMPS=pst|PERS.=2|NOMB.=p		MODE=ind|		PERS.=2	NOMB.=p			avez	O	
depuis	depuis	PRE	MORPH=empty	MORPH=empty							depuis	O	
touſiours	tousiours	NOMcom	NOMB.=p					NOMB.=p			toujours	O	
maintenuë	maintenir	ADJqua	NOMB.=s					NOMB.=s			maintenue	O	
par	par	PRE	MORPH=empty	MORPH=empty							par	O	
voſtre	vôtre	ADJqua	NOMB.=s					NOMB.=s			votre	O	
courage	courage	NOMcom	NOMB.=s|GENRE=m					NOMB.=s	GENRE=m		courage	O	
.	.	PONfrt	MORPH=empty	MORPH=empty							.	O	
Dans	dans	PRE	MORPH=empty	MORPH=empty							Dans	O	
les	le	DETdef	NOMB.=p|GENRE=m					NOMB.=p	GENRE=m		les	O	
mal	mal	NOMcom	GENRE=m						GENRE=m		mal	O	
-	-	PONfbl	MORPH=empty	MORPH=empty									
heurs	heurs	NOMcom	NOMB.=s					NOMB.=s			heurs	O	
du	de_le	PRE.DETdef	NOMB.=s|GENRE=m					NOMB.=s	GENRE=m		du	O	
temps	temps	NOMcom	NOMB.=s|GENRE=m					NOMB.=s	GENRE=m		temps	O	
&	je	PONfbl	MORPH=empty	MORPH=empty							et	O	
l’	le	DETdef	NOMB.=s					NOMB.=s					
vſurpation	vsurpation	NOMcom	NOMB.=s					NOMB.=s			usurpation	O	
de	de	PRE	MORPH=empty	MORPH=empty							de	I-time	
la	le	DETdef	NOMB.=s|GENRE=f					NOMB.=s	GENRE=f		la	O	
puiſſance	puissance	NOMcom	NOMB.=s|GENRE=f					NOMB.=s	GENRE=f		puissance	O	
legitime	legitime	VERcjg	NOMB.=s|GENRE=f					NOMB.=s	GENRE=f		légitime	O	
vous	vous	PROper	PERS.=2|NOMB.=p				PERS.=2	NOMB.=p			vous	O	
auez	auez	VERcjg	MODE=ind|PERS.=2|NOMB.=p		MODE=ind|		PERS.=2	NOMB.=p			avez	O	
conſerué	conseruer	VERppe	NOMB.=s|GENRE=m					NOMB.=s	GENRE=m		conservé	O	
tout	tout	DETind	NOMB.=s|GENRE=m					NOMB.=s	GENRE=m		tout	O	
ſeul	seul	ADJqua	NOMB.=s|GENRE=m					NOMB.=s	GENRE=m		seul	O	
la	le	DETdef	NOMB.=s|GENRE=f					NOMB.=s	GENRE=f		la	O	
liberté	liberté	NOMcom	NOMB.=s|GENRE=f					NOMB.=s	GENRE=f		liberté	O	
de	de	PRE	MORPH=empty	MORPH=empty							de	I-time	
la	le	DETdef	NOMB.=s|GENRE=f					NOMB.=s	GENRE=f		la	O	
France	France	NOMpro	NOMB.=s|GENRE=f					NOMB.=s	GENRE=f		France	B-loc	http://www.wikidata.org/entity/Q142
.	.	PONfrt	MORPH=empty	MORPH=empty							.	O	
Qui	qui	PROrel	MORPH=empty	MORPH=empty							Qui	O	
eſt	être	VERcjg	MODE=ind|TEMPS=pst|PERS.=3|NOMB.=s		MODE=ind|		PERS.=3	NOMB.=s			est	O	
-	-	PONfbl	GENRE=m						GENRE=m				
ce	ce	PROdem	NOMB.=s|GENRE=n					NOMB.=s	GENRE=n		ce	O	
qui	qui	PROrel	MORPH=empty	MORPH=empty							qui	O	
peut	pouvoir	VERcjg	MODE=ind|TEMPS=pst|PERS.=3|NOMB.=s		MODE=ind|		PERS.=3	NOMB.=s			peut	O	
dire	dire	VERinf	MORPH=empty	MORPH=empty							dire	O	
cela	cela	PROdem	NOMB.=s|GENRE=n					NOMB.=s	GENRE=n		cela	O	
de	de	PRE	MORPH=empty	MORPH=empty							de	I-time	
ſoy	soi	NOMcom	NOMB.=s|GENRE=f					NOMB.=s	GENRE=f		soi	O	
?	?	PONfrt	MORPH=empty	MORPH=empty							?	O	
Où	où	PROrel	MORPH=empty	MORPH=empty							Où	O	
ſont	être	VERcjg	MODE=ind|TEMPS=pst|PERS.=3|NOMB.=p		MODE=ind|		PERS.=3	NOMB.=p			sont	O	
ceux	celui	PROdem	NOMB.=p|GENRE=m					NOMB.=p	GENRE=m		ceux	O	
qui	qui	PROrel	MORPH=empty	MORPH=empty							qui	O	
ſe	se	PROper	PERS.=3|NOMB.=s|CAS=r				PERS.=3	NOMB.=s		CAS=r	se	O	
ſont	être	VERcjg	MODE=ind|TEMPS=pst|PERS.=3|NOMB.=p		MODE=ind|		PERS.=3	NOMB.=p			sont	O	
tenus	tenir	VERppe	NOMB.=p|GENRE=m					NOMB.=p	GENRE=m		tenus	O	
fermes	ferme	ADJqua	NOMB.=p|GENRE=m					NOMB.=p	GENRE=m		fermes	O	
entre	entre	PRE	MORPH=empty	MORPH=empty							entre	O	
la	le	DETdef	NOMB.=s|GENRE=f					NOMB.=s	GENRE=f		la	O	
rebelliõ	rebellir	NOMcom	NOMB.=s|GENRE=f					NOMB.=s	GENRE=f		rébellion	O	
&	s	PONfbl	MORPH=empty	MORPH=empty							et	O	
la	le	DETdef	NOMB.=s|GENRE=f					NOMB.=s	GENRE=f		la	O	
ſeruitude	seruitude	NOMcom	NOMB.=s|GENRE=f					NOMB.=s	GENRE=f		servitude	O	
?	?	PONfrt	MORPH=empty	MORPH=empty							?	O	
En	en	PRE	MORPH=empty	MORPH=empty							En	O	
quel	quel	DETrel	NOMB.=s|GENRE=m					NOMB.=s	GENRE=m		quel	O	
tẽps	teps	NOMcom	NOMB.=s|GENRE=m					NOMB.=s	GENRE=m		temps	O	
a	avoir	VERcjg	MODE=ind|TEMPS=pst|PERS.=3|NOMB.=s		MODE=ind|		PERS.=3	NOMB.=s			a	O	
t’	tu	PROper	PERS.=2|NOMB.=s|CAS=r				PERS.=2	NOMB.=s		CAS=r			
õ	avoir	PROadv	MORPH=empty	MORPH=empty							on	O	
veu	veu	VERppe	NOMB.=s					NOMB.=s			vu	O	
vne	vn	ADJqua	GENRE=f						GENRE=f		une	O	
vieilleſſe	vieillesse	NOMcom	NOMB.=s|GENRE=f					NOMB.=s	GENRE=f		vieillesse	O	
ſi	si	ADVgen	MORPH=empty	MORPH=empty							si	O	
neceſſaire	necessaire	VERinf	NOMB.=s					NOMB.=s			nécessaire	O	
au	à_le	PRE.DETdef	NOMB.=s|GENRE=m					NOMB.=s	GENRE=m		au	O	
monde	monde	NOMcom	NOMB.=s|GENRE=m					NOMB.=s	GENRE=m		monde	O	
,	,	PONfbl	MORPH=empty	MORPH=empty							,	O	
&	s	PRE.DETdef	MORPH=empty	MORPH=empty							et	O	
tant	tant	ADVgen	MORPH=empty	MORPH=empty							tant	O	
de	de	PRE	MORPH=empty	MORPH=empty							de	I-time	
bonne	bon	ADJqua	NOMB.=s|GENRE=f					NOMB.=s	GENRE=f		bonne	O	
&	s	PROcar	MORPH=empty	MORPH=empty							et	O	
de	de	PRE	MORPH=empty	MORPH=empty							de	I-time	
mauuaiſe	mauuaise	ADJqua	NOMB.=s|GENRE=f					NOMB.=s	GENRE=f		mauvaise	O	
fortune	fortune	NOMcom	NOMB.=s|GENRE=f					NOMB.=s	GENRE=f		fortune	O	
également	également	ADVgen	MORPH=empty	MORPH=empty							également	O	
glorieuſe	glorieux	ADJqua	NOMB.=s|GENRE=f					NOMB.=s	GENRE=f		glorieuse	O	
?	?	PONfrt	MORPH=empty	MORPH=empty							?	O	
Monſeigneur	Monseigneur	NOMcom	NOMB.=s|GENRE=m					NOMB.=s	GENRE=m		Monseigneur	B-pers	
,	,	PONfbl	MORPH=empty	MORPH=empty							,	O	
vous	vous	PROper	PERS.=2|NOMB.=p				PERS.=2	NOMB.=p			vous	O	
auez	avoir	VERcjg	MODE=ind|TEMPS=pst|PERS.=2|NOMB.=p		MODE=ind|		PERS.=2	NOMB.=p			avez	O	
trop	trop	ADVgen	MORPH=empty	MORPH=empty							trop	O	
de	de	PRE	MORPH=empty	MORPH=empty							de	I-time	
cognoiſſance	cognoissance	NOMcom	GENRE=f						GENRE=f		connaissance	O	
de	de	PRE	MORPH=empty	MORPH=empty							de	I-time	
vous	vous	PROper	PERS.=2|NOMB.=p				PERS.=2	NOMB.=p			vous	O	
meſme	même	ADJind	NOMB.=p					NOMB.=p			même	O	
pour	pour	PRE	MORPH=empty	MORPH=empty							pour	O	
penſer	penser	VERinf	MORPH=empty	MORPH=empty							penser	O	
que	que	CONsub	MORPH=empty	MORPH=empty							que	O	
ie	je	PROcar	NOMB.=s|GENRE=f					NOMB.=s	GENRE=f		je	O	
vous	vous	PROper	PERS.=2|NOMB.=p				PERS.=2	NOMB.=p			vous	O	
flatte	flatter	VERcjg	MODE=sub|TEMPS=pst|PERS.=3|NOMB.=s		MODE=sub|		PERS.=3	NOMB.=s			flatte	O	
,	,	PONfbl	MORPH=empty	MORPH=empty							,	O	
&	je	PRE	MORPH=empty	MORPH=empty							et	O	
mon	mon	DETpos	PERS.=1|NOMB.=s|GENRE=m				PERS.=1	NOMB.=s	GENRE=m		mon	O	
humeur	humeur	NOMcom	NOMB.=s|GENRE=f					NOMB.=s	GENRE=f		humeur	O	
eſt	être	VERcjg	MODE=ind|TEMPS=pst|PERS.=3|NOMB.=s		MODE=ind|		PERS.=3	NOMB.=s			est	O	
ſi	si	ADVgen	MORPH=empty	MORPH=empty							si	O	
eſloignee	esloigner	ADJqua	NOMB.=s|GENRE=f					NOMB.=s	GENRE=f		éloignée	O	
de	de	PRE	MORPH=empty	MORPH=empty							de	I-time	
toute	tout	DETind	NOMB.=s|GENRE=f					NOMB.=s	GENRE=f		toute	O	
action	action	NOMcom	NOMB.=s|GENRE=f					NOMB.=s	GENRE=f		action	O	
ſeruile	seruile	ADJqua	NOMB.=s|GENRE=f					NOMB.=s	GENRE=f		servile	O	
,	,	PONfbl	MORPH=empty	MORPH=empty							,	O	
que	que	CONsub	MORPH=empty	MORPH=empty							que	O	
la	le	DETdef	NOMB.=s|GENRE=f					NOMB.=s	GENRE=f		la	O	
Court	court	NOMcom	NOMB.=s|GENRE=f					NOMB.=s	GENRE=f		Court	O	
n'	ne	ADVneg	MORPH=empty	MORPH=empty							n'	O	
a	avoir	VERcjg	MODE=ind|TEMPS=pst|PERS.=3|NOMB.=s		MODE=ind|		PERS.=3	NOMB.=s			a	O	
point	point	ADVneg	MORPH=empty	MORPH=empty							point	O	
assez	assez	ADVgen	MORPH=empty	MORPH=empty							assez	O	
d'	de	PRE	MORPH=empty	MORPH=empty							d'	O	
eſperance	esperance	NOMcom	GENRE=f						GENRE=f		espérance	O	
à	à	PRE	MORPH=empty	MORPH=empty							à	O	
me	je	PROper	PERS.=1|NOMB.=s|CAS=r				PERS.=1	NOMB.=s		CAS=r	me	O	
donner	donner	VERinf	MORPH=empty	MORPH=empty							donner	O	
pour	pour	PRE	MORPH=empty	MORPH=empty							pour	O	
me	je	PROper	PERS.=1|NOMB.=s|CAS=r				PERS.=1	NOMB.=s		CAS=r	me	O	
faire	faire	VERinf	MORPH=empty	MORPH=empty							faire	O	
rien	rien	PROind	NOMB.=s|GENRE=m					NOMB.=s	GENRE=m		rien	O	
dire	dire	VERinf	MORPH=empty	MORPH=empty							dire	O	
contre	contre	PRE	MORPH=empty	MORPH=empty							contre	O	
ma	mon	DETpos	PERS.=1|NOMB.=s|GENRE=f				PERS.=1	NOMB.=s	GENRE=f		ma	O	
cõſcience	crscience	NOMcom	NOMB.=s|GENRE=f					NOMB.=s	GENRE=f		conscience	O	
.	.	PONfrt	MORPH=empty	MORPH=empty							.	O	
Ie	Ie	PROper	PERS.=3|NOMB.=s|GENRE=f				PERS.=3	NOMB.=s	GENRE=f		je	O	
parle	parler	VERcjg	MODE=ind|TEMPS=pst|PERS.=3|NOMB.=s		MODE=ind|		PERS.=3	NOMB.=s			parle	O	
donc	donc	ADVgen	MORPH=empty	MORPH=empty							donc	O	
de	de	PRE	MORPH=empty	MORPH=empty							de	I-time	
la	le	DETdef	NOMB.=s|GENRE=f					NOMB.=s	GENRE=f		la	O	
ſorte	sorte	NOMcom	NOMB.=s|GENRE=f					NOMB.=s	GENRE=f		sorte	O	
pour	pour	PRE	MORPH=empty	MORPH=empty							pour	O	
le	le	DETdef	NOMB.=s|GENRE=m					NOMB.=s	GENRE=m		le	O	
ſeul	seul	ADJqua	NOMB.=s|GENRE=m					NOMB.=s	GENRE=m		seul	O	
intereſt	interest	NOMcom	NOMB.=s|GENRE=m					NOMB.=s	GENRE=m		intérêt	O	
de	de	PRE	MORPH=empty	MORPH=empty							de	I-time	
la	le	DETdef	NOMB.=s|GENRE=f					NOMB.=s	GENRE=f		la	O	
vertu	vertu	NOMcom	NOMB.=s|GENRE=f					NOMB.=s	GENRE=f		vertu	O	
,	,	PONfbl	MORPH=empty	MORPH=empty							,	O	
&	s	PONfbl	MORPH=empty	MORPH=empty							et	O	
ſi	si	CONsub	MORPH=empty	MORPH=empty							si	O	
elle	il	PROper	PERS.=3|NOMB.=s|GENRE=f|CAS=n				PERS.=3	NOMB.=s	GENRE=f	CAS=n	elle	O	
n’	ne	ADVneg	MORPH=empty	MORPH=empty									
eſtoit	estoir	VERcjg	PERS.=3|NOMB.=s				PERS.=3	NOMB.=s			était	O	
de	de	PRE	MORPH=empty	MORPH=empty							de	I-time	
noſtre	nostre	NOMcom	NOMB.=s					NOMB.=s			notre	O	
coſté	coster	VERppe	NOMB.=s|GENRE=m					NOMB.=s	GENRE=m		côté	O	
,	,	PONfbl	MORPH=empty	MORPH=empty							,	O	
ie	je	CONsub	NOMB.=s|GENRE=f					NOMB.=s	GENRE=f		je	O	
l’	il	DETdef	NOMB.=s					NOMB.=s					
irois	aller	NOMcom	NOMB.=s					NOMB.=s			irais	O	
pluſtoſt	pluster	ADVgen	NOMB.=p					NOMB.=p			plutôt	O	
chercher	chercher	VERinf	MORPH=empty	MORPH=empty							chercher	O	
parmy	parmy	VERppe	NOMB.=s					NOMB.=s			parmi	O	
les	le	DETdef	NOMB.=p|GENRE=m					NOMB.=p	GENRE=m		les	O	
ennemis	ennemi	NOMcom	NOMB.=p|GENRE=m					NOMB.=p	GENRE=m		ennemis	O	
,	,	PONfbl	MORPH=empty	MORPH=empty							,	O	
afin	afin	ADVgen	MORPH=empty	MORPH=empty							afin	O	
de	de	PRE	MORPH=empty	MORPH=empty							de	I-time	
luy	luy	PROper	NOMB.=s					NOMB.=s			lui	O	
rendre	rendre	VERinf	MORPH=empty	MORPH=empty							rendre	O	
ce	ce	PROdem	NOMB.=s|GENRE=n					NOMB.=s	GENRE=n		ce	O	
qu’	que	PROrel	MORPH=empty	MORPH=empty									
elle	il	PROper	PERS.=3|NOMB.=s|GENRE=f|CAS=n				PERS.=3	NOMB.=s	GENRE=f	CAS=n	elle	O	
merite	meriter	VERcjg	MODE=sub|TEMPS=pst|PERS.=3|NOMB.=s		MODE=sub|		PERS.=3	NOMB.=s			mérite	O	
.	.	PONfrt	MORPH=empty	MORPH=empty							.	O	
Perſonne	personne	NOMcom	NOMB.=s|GENRE=f					NOMB.=s	GENRE=f		Personne	O	
ne	ne	ADVneg	MORPH=empty	MORPH=empty							ne	O	
croira	croire	VERcjg	MODE=ind|TEMPS=fut|PERS.=3|NOMB.=s		MODE=ind|		PERS.=3	NOMB.=s			croira	O	
que	que	CONsub	MORPH=empty	MORPH=empty							que	O	
i’	je	ADVgen	NOMB.=s|GENRE=f					NOMB.=s	GENRE=f				
aye	avoir	ADJqua	NOMB.=s|GENRE=f					NOMB.=s	GENRE=f		aie	O	
de	de	PRE	MORPH=empty	MORPH=empty							de	I-time	
pretention	pretention	NOMcom	NOMB.=s					NOMB.=s			prétention	O	
dans	dans	PRE	MORPH=empty	MORPH=empty							dans	O	
les	le	DETdef	NOMB.=p|GENRE=m					NOMB.=p	GENRE=m		les	O	
armees	arme	NOMcom	NOMB.=p|GENRE=m					NOMB.=p	GENRE=m		armées	O	
du	de_le	PRE.DETdef	NOMB.=s|GENRE=m					NOMB.=s	GENRE=m		du	O	
Roy	Roy	NOMcom	NOMB.=s|GENRE=m					NOMB.=s	GENRE=m		Roi	B-func	
d’	de	PRE	MORPH=empty	MORPH=empty									
Eſpaigne	Espaigne	NOMpro	NOMB.=s|GENRE=f					NOMB.=s	GENRE=f		Espagne	I-func	
,	,	PONfbl	MORPH=empty	MORPH=empty							,	O	
ny	ny	PROadv	MORPH=empty	MORPH=empty							ni	O	
que	que	CONsub	MORPH=empty	MORPH=empty							que	O	
ie	je	PROper	NOMB.=s|GENRE=f					NOMB.=s	GENRE=f		je	O	
veüille	veüille	VERcjg	NOMB.=s|GENRE=f					NOMB.=s	GENRE=f		veuille	O	
faire	faire	VERinf	MORPH=empty	MORPH=empty							faire	O	
fortune	fortune	NOMcom	NOMB.=s|GENRE=f					NOMB.=s	GENRE=f		fortune	O	
en	en	PRE	MORPH=empty	MORPH=empty							en	O	
Hollande	Hollande	NOMpro	NOMB.=s|GENRE=f					NOMB.=s	GENRE=f		Hollande	B-loc	http://www.wikidata.org/entity/Q55
:	:	PONfbl	MORPH=empty	MORPH=empty							:	O	
&	être	DETndf	MORPH=empty	MORPH=empty							et	O	
neantmoins	neantmoin	NOMcom	NOMB.=s					NOMB.=s			néanmoins	O	
ie	je	VERcjg	NOMB.=s					NOMB.=s			je	O	
louë	louer	PROper	NOMB.=s|GENRE=m					NOMB.=s	GENRE=m		loue	O	
le	le	DETdef	NOMB.=s|GENRE=m					NOMB.=s	GENRE=m		le	O	
Prince	prince	NOMcom	NOMB.=s|GENRE=m					NOMB.=s	GENRE=m		Prince	B-pers	
d’	de	PRE	MORPH=empty	MORPH=empty									
Aurãge	Aurgge	NOMpro	NOMB.=s|GENRE=f					NOMB.=s	GENRE=f		Orange	I-pers	
,	,	PONfbl	MORPH=empty	MORPH=empty							,	O	
&	être	PRE	MORPH=empty	MORPH=empty							et	O	
le	le	DETdef	NOMB.=s|GENRE=m					NOMB.=s	GENRE=m		le	O	
Marquis	marquis	NOMcom	NOMB.=s|GENRE=m					NOMB.=s	GENRE=m		Marquis	B-func	
de	de	PRE	MORPH=empty	MORPH=empty							de	I-time	
Spinola	Spinola	NOMpro	NOMB.=s|GENRE=f					NOMB.=s	GENRE=f		Spinola	I-func	
,	,	PONfbl	MORPH=empty	MORPH=empty							,	O	
comme	comme	CONsub	MORPH=empty	MORPH=empty							comme	O	
ſi	si	CONsub	MORPH=empty	MORPH=empty							si	O	
i’	je	ADVgen	NOMB.=s|GENRE=f					NOMB.=s	GENRE=f				
eſtois	estois	VERppe	NOMB.=p|GENRE=m					NOMB.=p	GENRE=m		étais	O	
des	de_le	PRE.DETdef	NOMB.=p					NOMB.=p			des	O	
deux	deux	ADJcar	NOMB.=p					NOMB.=p			deux	O	
partys	party	NOMcom	NOMB.=p|GENRE=f					NOMB.=p	GENRE=f		partis	O	
contraires	contraire	ADJqua	NOMB.=p|GENRE=f					NOMB.=p	GENRE=f		contraires	O	
en	en	PRE	MORPH=empty	MORPH=empty							en	O	
meſme	même	DETind	NOMB.=s|GENRE=m					NOMB.=s	GENRE=m		même	O	
temps	temps	NOMcom	NOMB.=s|GENRE=m					NOMB.=s	GENRE=m		temps	O	
:	:	PONfbl	MORPH=empty	MORPH=empty							:	O	
En	en	PRE	MORPH=empty	MORPH=empty							En	O	
effet	effet	NOMcom	NOMB.=s|GENRE=m					NOMB.=s	GENRE=m		effet	O	
,	,	PONfbl	MORPH=empty	MORPH=empty							,	O	
Monſeigneur	Monseigneur	NOMcom	NOMB.=s|GENRE=m					NOMB.=s	GENRE=m		Monseigneur	B-pers	
,	,	PONfbl	MORPH=empty	MORPH=empty							,	O	
ie	je	PROper	NOMB.=s|GENRE=f					NOMB.=s	GENRE=f		je	O	
penſe	penser	VERcjg	MODE=sub|PERS.=3|NOMB.=s		MODE=sub|		PERS.=3	NOMB.=s			pense	O	
auoir	auoir	VERinf	MORPH=empty	MORPH=empty							avoir	O	
de	de	PRE	MORPH=empty	MORPH=empty							de	I-time	
l’	le	DETdef	NOMB.=s					NOMB.=s					
obligation	obligation	NOMcom	NOMB.=s					NOMB.=s			obligation	O	
à	à	PRE	MORPH=empty	MORPH=empty							à	O	
ceux	celui	PROdem	NOMB.=p|GENRE=m					NOMB.=p	GENRE=m		ceux	O	
qui	qui	PROrel	MORPH=empty	MORPH=empty							qui	O	
me	je	PROper	PERS.=1|NOMB.=s|CAS=r				PERS.=1	NOMB.=s		CAS=r	me	O	
donnent	donner	VERcjg	MODE=ind|TEMPS=pst|PERS.=3|NOMB.=p		MODE=ind|		PERS.=3	NOMB.=p			donnent	O	
le	le	DETdef	NOMB.=s|GENRE=m					NOMB.=s	GENRE=m		le	O	
moyen	moyen	NOMcom	NOMB.=s|GENRE=m					NOMB.=s	GENRE=m		moyen	O	
de	de	PRE	MORPH=empty	MORPH=empty							de	I-time	
mettre	mettre	VERinf	MORPH=empty	MORPH=empty							mettre	O	
enſemble	ensemble	ADVgen	MORPH=empty	MORPH=empty							ensemble	O	
les	le	DETdef	NOMB.=p|GENRE=m					NOMB.=p	GENRE=m		les	O	
deux	deux	ADJcar	NOMB.=p					NOMB.=p			deux	O	
plus	plus	ADVgen	MORPH=empty	MORPH=empty							plus	O	
rares	rare	ADJqua	NOMB.=p|GENRE=f					NOMB.=p	GENRE=f		rares	O	
choſes	chose	NOMcom	NOMB.=p|GENRE=f					NOMB.=p	GENRE=f		choses	O	
du	de_le	PRE.DETdef	NOMB.=s|GENRE=m					NOMB.=s	GENRE=m		du	O	
monde	monde	NOMcom	NOMB.=s|GENRE=m					NOMB.=s	GENRE=m		monde	O	
,	,	PONfbl	MORPH=empty	MORPH=empty							,	O	
c’	ce	PROdem	NOMB.=s|GENRE=n					NOMB.=s	GENRE=n				
eſt	être	VERcjg	MODE=ind|TEMPS=pst|PERS.=3|NOMB.=s		MODE=ind|		PERS.=3	NOMB.=s			est	O	
à	à	PRE	MORPH=empty	MORPH=empty							à	O	
ſçauoir	sçauoir	VERinf	NOMB.=s					NOMB.=s			savoir	O	
la	le	DETdef	NOMB.=s|GENRE=f					NOMB.=s	GENRE=f		la	O	
verité	verité	VERppe	NOMB.=s|GENRE=f					NOMB.=s	GENRE=f		vérité	O	
&	s	PONfbl	MORPH=empty	MORPH=empty							et	O	
l’	le	DETdef	NOMB.=s					NOMB.=s					
eloquence	eloquence	NOMcom	NOMB.=s|GENRE=f					NOMB.=s	GENRE=f		éloquence	O	
,	,	PONfbl	MORPH=empty	MORPH=empty							,	O	
Vous	vous	PROper	PERS.=2|NOMB.=p				PERS.=2	NOMB.=p			Vous	O	
m’	je	PROper	PERS.=1|NOMB.=s|CAS=r				PERS.=1	NOMB.=s		CAS=r			
auez	auez	VERcjg	MODE=ind|PERS.=2|NOMB.=p		MODE=ind|		PERS.=2	NOMB.=p			avez	O	
touſiours	tousiours	ADVgen	NOMB.=s					NOMB.=s			toujours	O	
fait	faire	VERppe	NOMB.=s|GENRE=m					NOMB.=s	GENRE=m		fait	O	
l’	le	DETdef	NOMB.=s					NOMB.=s					
honneur	honneur	NOMcom	NOMB.=s|GENRE=m					NOMB.=s	GENRE=m		honneur	O	
de	de	PRE	MORPH=empty	MORPH=empty							de	I-time	
me	je	PROper	PERS.=1|NOMB.=s|CAS=r				PERS.=1	NOMB.=s		CAS=r	me	O	
vouloir	vouloir	VERinf	MORPH=empty	MORPH=empty							vouloir	O	
du	de_le	PRE.DETdef	NOMB.=s|GENRE=m					NOMB.=s	GENRE=m		du	O	
bien	bien	NOMcom	NOMB.=s|GENRE=m					NOMB.=s	GENRE=m		bien	O	
,	,	PONfbl	MORPH=empty	MORPH=empty							,	O	
&	je	PONfbl	MORPH=empty	MORPH=empty							et	O	
i’	je	PROper	NOMB.=s|GENRE=f					NOMB.=s	GENRE=f				
ay	ay	NOMpro	NOMB.=p					NOMB.=p			ai	O	
reçeu	recevoir	VERppe	NOMB.=s|GENRE=f					NOMB.=s	GENRE=f		reçu	O	
vne	vn	VERppe	GENRE=f						GENRE=f		une	O	
infinité	infinité	VERppe	NOMB.=s|GENRE=f					NOMB.=s	GENRE=f		infinité	O	
de	de	PRE	MORPH=empty	MORPH=empty							de	I-time	
faueurs	faueur	NOMcom	NOMB.=s					NOMB.=s			faveurs	O	
de	de	PRE	MORPH=empty	MORPH=empty							de	I-time	
Monſeigneur	Monseigneur	NOMcom	NOMB.=s|GENRE=m					NOMB.=s	GENRE=m		Monseigneur	B-pers	
le	le	DETdef	NOMB.=s|GENRE=m					NOMB.=s	GENRE=m		le	O	
Cardinal	Cardinal	NOMcom	NOMB.=s|GENRE=m					NOMB.=s	GENRE=m		Cardinal	I-pers	
voſtre	vôtre	ADJqua	NOMB.=s					NOMB.=s			votre	O	
Fils	fils	NOMpro	NOMB.=s|GENRE=m					NOMB.=s	GENRE=m		Fils	B-pers	
;	;	PONfbl	MORPH=empty	MORPH=empty							;	O	
mais	mais	CONcoo	MORPH=empty	MORPH=empty							mais	O	
quoy	quoy	CONsub	MORPH=empty	MORPH=empty							quoi▁	O	
qu’	que	PROrel	MORPH=empty	MORPH=empty									
il	il	PROimp	PERS.=3|NOMB.=s|GENRE=m|CAS=n				PERS.=3	NOMB.=s	GENRE=m	CAS=n	il	O	
en	en	PROadv	MORPH=empty	MORPH=empty							en	O	
ſoit	être	VERcjg	MODE=sub|TEMPS=pst|PERS.=3|NOMB.=s		MODE=sub|		PERS.=3	NOMB.=s			soit	O	
,	,	PONfbl	MORPH=empty	MORPH=empty							,	O	
ie	je	VERcjg	NOMB.=s|GENRE=f					NOMB.=s	GENRE=f		je	O	
vous	vous	PROper	PERS.=2|NOMB.=p				PERS.=2	NOMB.=p			vous	O	
ſupplie	supplier	VERcjg	NOMB.=s					NOMB.=s			supplie	O	
de	de	PRE	MORPH=empty	MORPH=empty							de	I-time	
croire	croire	VERinf	MORPH=empty	MORPH=empty							croire	O	
que	que	CONsub	MORPH=empty	MORPH=empty							que	O	
mon	mon	DETpos	PERS.=1|NOMB.=s|GENRE=f				PERS.=1	NOMB.=s	GENRE=f		mon	O	
affection	affection	NOMcom	NOMB.=s|GENRE=f					NOMB.=s	GENRE=f		affection	O	
eſt	être	VERcjg	MODE=ind|TEMPS=pst|PERS.=3|NOMB.=s		MODE=ind|		PERS.=3	NOMB.=s			est	O	
toute	tout	ADVgen	NOMB.=s					NOMB.=s			toute	O	
pure	pur	ADJqua	NOMB.=s|GENRE=f					NOMB.=s	GENRE=f		pure	O	
,	,	PONfbl	MORPH=empty	MORPH=empty							,	O	
&	s	PROdem	MORPH=empty	MORPH=empty							et	O	
que	que	CONsub	MORPH=empty	MORPH=empty							que	O	
mes	mon	DETpos	PERS.=1|NOMB.=p|GENRE=m				PERS.=1	NOMB.=p	GENRE=m		mes	O	
intereſts	interest	NOMcom	NOMB.=p|GENRE=m					NOMB.=p	GENRE=m		intérêts	O	
ne	ne	ADVneg	MORPH=empty	MORPH=empty							ne	O	
ſe	se	PROper	PERS.=3|NOMB.=s|CAS=r				PERS.=3	NOMB.=s		CAS=r	se	O	
meſlent	mesler	VERcjg	MODE=ind|PERS.=3|NOMB.=s		MODE=ind|		PERS.=3	NOMB.=s			mêlent	O	
point	point	ADVneg	MORPH=empty	MORPH=empty							point	O	
auec	auec	VERppe	GENRE=f						GENRE=f		avec	O	
elle	il	PROper	PERS.=3|NOMB.=s|GENRE=f|CAS=n				PERS.=3	NOMB.=s	GENRE=f	CAS=n	elle	O	
:	:	PONfbl	MORPH=empty	MORPH=empty							:	O	
i’	je	PROper	NOMB.=s|GENRE=f					NOMB.=s	GENRE=f				
ay	ay	PRE	NOMB.=s					NOMB.=s			ai	O	
le	le	DETdef	NOMB.=s|GENRE=m					NOMB.=s	GENRE=m		le	O	
contentement	contentement	NOMcom	NOMB.=s|GENRE=m					NOMB.=s	GENRE=m		contentement	O	
de	de	PRE	MORPH=empty	MORPH=empty							de	I-time	
vous	vous	PROper	PERS.=2|NOMB.=p				PERS.=2	NOMB.=p			vous	O	
auoir	auoir	VERinf	MORPH=empty	MORPH=empty							avoir	O	
ſeruy	seruy	ADVgen	NOMB.=s					NOMB.=s			servi	O	
en	en	PRE	MORPH=empty	MORPH=empty							en	O	
vne	vn	PROind	NOMB.=s|GENRE=f					NOMB.=s	GENRE=f		une	O	
mauuaiſe	mauuaise	ADJqua	NOMB.=s|GENRE=f					NOMB.=s	GENRE=f		mauvaise	O	
ſaiſon	saison	NOMcom	NOMB.=s|GENRE=f					NOMB.=s	GENRE=f		saison	O	
,	,	PONfbl	MORPH=empty	MORPH=empty							,	O	
&	s	CONsub	MORPH=empty	MORPH=empty							et	O	
d’	de	PRE	MORPH=empty	MORPH=empty									
auoir	auoir	VERinf	NOMB.=s					NOMB.=s			avoir	O	
eſté	ester	VERppe	NOMB.=s|GENRE=m					NOMB.=s	GENRE=m		été	O	
du	de_le	PRE.DETdef	NOMB.=s|GENRE=m					NOMB.=s	GENRE=m		du	O	
plus	plus	ADVgen	MORPH=empty	MORPH=empty							plus	O	
foible	faible	ADJqua	NOMB.=s|GENRE=m					NOMB.=s	GENRE=m		faible	O	
party	party	NOMcom	NOMB.=s|GENRE=m					NOMB.=s	GENRE=m		parti	O	
,	,	PONfbl	MORPH=empty	MORPH=empty							,	O	
à	à	PRE	MORPH=empty	MORPH=empty							à	O	
cauſe	cause	NOMcom	NOMB.=s|GENRE=f					NOMB.=s	GENRE=f		cause	O	
que	que	CONsub	MORPH=empty	MORPH=empty							que	O	
ie	je	ADVgen	NOMB.=s|GENRE=f					NOMB.=s	GENRE=f		je	O	
croyois	croire	VERppe	NOMB.=p|GENRE=m					NOMB.=p	GENRE=m		croyais	O	
qu’	que	CONsub	MORPH=empty	MORPH=empty									
il	il	PROper	PERS.=3|NOMB.=s|GENRE=m|CAS=n				PERS.=3	NOMB.=s	GENRE=m	CAS=n	il	O	
eſtoit	estoire	VERcjg	MODE=ind|TEMPS=psp|PERS.=3|NOMB.=s		MODE=ind|		PERS.=3	NOMB.=s			était	O	
le	le	DETdef	NOMB.=s|GENRE=m					NOMB.=s	GENRE=m		le	O	
plus	plus	ADVgen	MORPH=empty	MORPH=empty							plus	O	
honneſte	honneste	ADJqua	NOMB.=s|GENRE=m					NOMB.=s	GENRE=m		honnête	O	
:	:	PONfbl	MORPH=empty	MORPH=empty							:	O	
Depuis	depuis	PRE	MORPH=empty	MORPH=empty							Depuis	O	
ce	ce	DETdem	NOMB.=s|GENRE=m					NOMB.=s	GENRE=m		ce	O	
temps	temps	NOMcom	NOMB.=s|GENRE=m					NOMB.=s	GENRE=m		temps	O	
la	le	DETdef	NOMB.=s|GENRE=f					NOMB.=s	GENRE=f		la	O	
ie	je	PROpos	NOMB.=s|GENRE=f					NOMB.=s	GENRE=f		je	O	
n’	ne	ADVneg	MORPH=empty	MORPH=empty									
ay	avoir	VERcjg	MORPH=empty	MORPH=empty							ai	O	
pas	pas	ADVneg	MORPH=empty	MORPH=empty							pas	O	
chãgé	chager	VERppe	NOMB.=s|GENRE=m					NOMB.=s	GENRE=m		changé	O	
d’	de	PRE	MORPH=empty	MORPH=empty									
aduis	aduis	NOMcom	NOMB.=s|GENRE=m					NOMB.=s	GENRE=m		avis	O	
,	,	PONfbl	MORPH=empty	MORPH=empty							,	O	
&	je	PRE	MORPH=empty	MORPH=empty							et	O	
les	le	DETdef	NOMB.=p|GENRE=m					NOMB.=p	GENRE=m		les	O	
raiſons	raison	NOMcom	NOMB.=p|GENRE=f					NOMB.=p	GENRE=f		raisons	O	
qui	qui	PROrel	MORPH=empty	MORPH=empty							qui	O	
m’	je	PROper	PERS.=1|NOMB.=s|CAS=r				PERS.=1	NOMB.=s		CAS=r			
ont	avoir	VERcjg	MODE=ind|TEMPS=pst|PERS.=3|NOMB.=p		MODE=ind|		PERS.=3	NOMB.=p			ont	O	
porté	porter	VERppe	NOMB.=s|GENRE=m					NOMB.=s	GENRE=m		porté	O	
à	à	PRE	MORPH=empty	MORPH=empty							à	O	
faire	faire	VERinf	MORPH=empty	MORPH=empty							faire	O	
ce	ce	PROdem	NOMB.=s|GENRE=n					NOMB.=s	GENRE=n		ce	O	
que	que	PROrel	MORPH=empty	MORPH=empty							que	O	
i’	je	PROper	NOMB.=s|GENRE=f					NOMB.=s	GENRE=f				
ay	ay	NOMpro	NOMB.=s					NOMB.=s			ai	O	
fait	faire	VERcjg	NOMB.=s|GENRE=m					NOMB.=s	GENRE=m		fait	O	
,	,	PONfbl	MORPH=empty	MORPH=empty							,	O	
eſtãt	estet	VERcjg	NOMB.=p					NOMB.=p			étant	O	
encore	encore	ADVgen	MORPH=empty	MORPH=empty							encore	O	
les	le	DETdef	NOMB.=p|GENRE=m					NOMB.=p	GENRE=m		les	O	
meſmes	mesme	NOMcom	NOMB.=p|GENRE=m					NOMB.=p	GENRE=m		mêmes	O	
,	,	PONfbl	MORPH=empty	MORPH=empty							,	O	
Ie	Ie	PROper	NOMB.=s|GENRE=f					NOMB.=s	GENRE=f		je	O	
ſuis	être	VERcjg	MODE=ind|TEMPS=pst|PERS.=1|NOMB.=s		MODE=ind|		PERS.=1	NOMB.=s			suis	O	
veritablement	veritablement	ADJqua	NOMB.=p					NOMB.=p			véritablement	O	
comme	comme	CONsub	MORPH=empty	MORPH=empty							comme	O	
i’	je	PROper	NOMB.=s|GENRE=f					NOMB.=s	GENRE=f				
ay	ay	NOMpro	NOMB.=p					NOMB.=p			ai	O	
touſiours	tousiours	ADJqua	NOMB.=p					NOMB.=p			toujours	O	
eſté	ester	VERppe	NOMB.=s|GENRE=m					NOMB.=s	GENRE=m		été	O	
.	.	PONfrt	MORPH=empty	MORPH=empty							.	O	
MONSEIGNEVR	monsiegner	NOMpro	NOMB.=s|GENRE=m					NOMB.=s	GENRE=m		MONSEIGNEUR	B-pers	
,	,	PONfbl	MORPH=empty	MORPH=empty							,	O	
Voſtre	vôtre	VERinf	NOMB.=s					NOMB.=s			Votre	O	
tres	tres	ADVgen	NOMB.=s					NOMB.=s			très	O	
-	-	DETdef	GENRE=m						GENRE=m				
humble	humble	ADJqua	NOMB.=s|GENRE=f					NOMB.=s	GENRE=f		humble	O	
&	s	PRE.DETdef	MORPH=empty	MORPH=empty							et	O	
tres	tre	NOMcom	NOMB.=s					NOMB.=s			très	O	
-	-	PONfbl	MORPH=empty	MORPH=empty									
obeiſſant	obeissant	VERppa	NOMB.=p					NOMB.=p			obéissant	O	
ſeruiteur	seruiteur	VERinf	MORPH=empty	MORPH=empty							serviteur	O	
.	.	PONfrt	MORPH=empty	MORPH=empty							.	O	
Balzac	balzac	INJ	NOMB.=s|GENRE=m					NOMB.=s	GENRE=m		Balzac	B-pers	
.	.	PONfrt	MORPH=empty	MORPH=empty							.	O	
A	avoir	VERcjg	MODE=ind|TEMPS=pst|PERS.=3|NOMB.=s		MODE=ind|		PERS.=3	NOMB.=s			À	O	
Rome	Rome	NOMpro	NOMB.=s					NOMB.=s			Rome	B-loc	http://www.wikidata.org/entity/Q220
le	le	DETdef	NOMB.=s|GENRE=m					NOMB.=s	GENRE=m		le	O	
7	7	PROind	MORPH=empty	MORPH=empty							7	B-time	
.	.	PONfrt	MORPH=empty	MORPH=empty							.	O	
de	de	PRE	MORPH=empty	MORPH=empty							de	I-time	
Iuin	Iuin	NOMcom	NOMB.=s|GENRE=m					NOMB.=s	GENRE=m		Juin	I-time	
1621	1621	NOMcom	NOMB.=s					NOMB.=s			1621	I-time	
.	.	PONfrt	MORPH=empty	MORPH=empty							.	O	
